source,target,status,preserve_query_string
https://tooladda.online/index.html,https://tooladda.online/,301,true
https://tooladda.online/about,https://tooladda.online/about.html,301,true
https://tooladda.online/about/,https://tooladda.online/about.html,301,true
https://tooladda.online/ats-resume-checker,https://tooladda.online/ats-resume-checker.html,301,true
https://tooladda.online/ats-resume-checker/,https://tooladda.online/ats-resume-checker.html,301,true
https://tooladda.online/barcode-generator,https://tooladda.online/barcode-generator.html,301,true
https://tooladda.online/barcode-generator/,https://tooladda.online/barcode-generator.html,301,true
https://tooladda.online/bingo-card-generator,https://tooladda.online/bingo-card-generator.html,301,true
https://tooladda.online/bingo-card-generator/,https://tooladda.online/bingo-card-generator.html,301,true
https://tooladda.online/calculators/age-calculator,https://tooladda.online/calculators/age-calculator.html,301,true
https://tooladda.online/calculators/age-calculator/,https://tooladda.online/calculators/age-calculator.html,301,true
https://tooladda.online/calculators/bmi-calculator,https://tooladda.online/calculators/bmi-calculator.html,301,true
https://tooladda.online/calculators/bmi-calculator/,https://tooladda.online/calculators/bmi-calculator.html,301,true
https://tooladda.online/calculators/calculator,https://tooladda.online/calculators/calculator.html,301,true
https://tooladda.online/calculators/calculator/,https://tooladda.online/calculators/calculator.html,301,true
https://tooladda.online/calculators/car-loan-calculator,https://tooladda.online/calculators/car-loan-calculator.html,301,true
https://tooladda.online/calculators/car-loan-calculator/,https://tooladda.online/calculators/car-loan-calculator.html,301,true
https://tooladda.online/calculators/emi-calculator,https://tooladda.online/calculators/emi-calculator.html,301,true
https://tooladda.online/calculators/emi-calculator/,https://tooladda.online/calculators/emi-calculator.html,301,true
https://tooladda.online/calculators/fd-calculator,https://tooladda.online/calculators/fd-calculator.html,301,true
https://tooladda.online/calculators/fd-calculator/,https://tooladda.online/calculators/fd-calculator.html,301,true
https://tooladda.online/calculators/gpa-cgpa-calculator,https://tooladda.online/calculators/gpa-cgpa-calculator.html,301,true
https://tooladda.online/calculators/gpa-cgpa-calculator/,https://tooladda.online/calculators/gpa-cgpa-calculator.html,301,true
https://tooladda.online/calculators/gst-calculator,https://tooladda.online/calculators/gst-calculator.html,301,true
https://tooladda.online/calculators/gst-calculator/,https://tooladda.online/calculators/gst-calculator.html,301,true
https://tooladda.online/calculators/home-loan-calculator,https://tooladda.online/calculators/home-loan-calculator.html,301,true
https://tooladda.online/calculators/home-loan-calculator/,https://tooladda.online/calculators/home-loan-calculator.html,301,true
https://tooladda.online/calculators/land-area-converter,https://tooladda.online/calculators/land-area-converter.html,301,true
https://tooladda.online/calculators/land-area-converter/,https://tooladda.online/calculators/land-area-converter.html,301,true
https://tooladda.online/calculators/loan-calculator,https://tooladda.online/calculators/loan-calculator.html,301,true
https://tooladda.online/calculators/loan-calculator/,https://tooladda.online/calculators/loan-calculator.html,301,true
https://tooladda.online/calculators/manual-tax-calculator,https://tooladda.online/calculators/manual-tax-calculator.html,301,true
https://tooladda.online/calculators/manual-tax-calculator/,https://tooladda.online/calculators/manual-tax-calculator.html,301,true
https://tooladda.online/calculators/percentage-calculator,https://tooladda.online/calculators/percentage-calculator.html,301,true
https://tooladda.online/calculators/percentage-calculator/,https://tooladda.online/calculators/percentage-calculator.html,301,true
https://tooladda.online/calculators/ppf-calculator,https://tooladda.online/calculators/ppf-calculator.html,301,true
https://tooladda.online/calculators/ppf-calculator/,https://tooladda.online/calculators/ppf-calculator.html,301,true
https://tooladda.online/calculators/rd-calculator,https://tooladda.online/calculators/rd-calculator.html,301,true
https://tooladda.online/calculators/rd-calculator/,https://tooladda.online/calculators/rd-calculator.html,301,true
https://tooladda.online/calculators/sip-calculator,https://tooladda.online/calculators/sip-calculator.html,301,true
https://tooladda.online/calculators/sip-calculator/,https://tooladda.online/calculators/sip-calculator.html,301,true
https://tooladda.online/chemistry-tools/electron-configuration,https://tooladda.online/chemistry-tools/electron-configuration.html,301,true
https://tooladda.online/chemistry-tools/electron-configuration/,https://tooladda.online/chemistry-tools/electron-configuration.html,301,true
https://tooladda.online/chemistry-tools/molecular-structure-viewer,https://tooladda.online/chemistry-tools/molecular-structure-viewer.html,301,true
https://tooladda.online/chemistry-tools/molecular-structure-viewer/,https://tooladda.online/chemistry-tools/molecular-structure-viewer.html,301,true
https://tooladda.online/chemistry-tools/periodic-table,https://tooladda.online/chemistry-tools/periodic-table.html,301,true
https://tooladda.online/chemistry-tools/periodic-table/,https://tooladda.online/chemistry-tools/periodic-table.html,301,true
https://tooladda.online/coin-flip,https://tooladda.online/coin-flip.html,301,true
https://tooladda.online/coin-flip/,https://tooladda.online/coin-flip.html,301,true
https://tooladda.online/compare-pdfs,https://tooladda.online/compare-pdfs.html,301,true
https://tooladda.online/compare-pdfs/,https://tooladda.online/compare-pdfs.html,301,true
https://tooladda.online/contact,https://tooladda.online/contact.html,301,true
https://tooladda.online/contact/,https://tooladda.online/contact.html,301,true
https://tooladda.online/cron-expression-generator,https://tooladda.online/cron-expression-generator.html,301,true
https://tooladda.online/cron-expression-generator/,https://tooladda.online/cron-expression-generator.html,301,true
https://tooladda.online/css-to-tailwind,https://tooladda.online/css-to-tailwind.html,301,true
https://tooladda.online/css-to-tailwind/,https://tooladda.online/css-to-tailwind.html,301,true
https://tooladda.online/css-tools/bento-grid-generator,https://tooladda.online/css-tools/bento-grid-generator.html,301,true
https://tooladda.online/css-tools/bento-grid-generator/,https://tooladda.online/css-tools/bento-grid-generator.html,301,true
https://tooladda.online/css-tools/css-flexbox-grid-playground,https://tooladda.online/css-tools/css-flexbox-grid-playground.html,301,true
https://tooladda.online/css-tools/css-flexbox-grid-playground/,https://tooladda.online/css-tools/css-flexbox-grid-playground.html,301,true
https://tooladda.online/css-tools/css-glassmorphism-ui-builder,https://tooladda.online/css-tools/css-glassmorphism-ui-builder.html,301,true
https://tooladda.online/css-tools/css-glassmorphism-ui-builder/,https://tooladda.online/css-tools/css-glassmorphism-ui-builder.html,301,true
https://tooladda.online/css-tools/css-neumorphic-element-designer,https://tooladda.online/css-tools/css-neumorphic-element-designer.html,301,true
https://tooladda.online/css-tools/css-neumorphic-element-designer/,https://tooladda.online/css-tools/css-neumorphic-element-designer.html,301,true
https://tooladda.online/css-tools/scroll-animation-keyframe-builder,https://tooladda.online/css-tools/scroll-animation-keyframe-builder.html,301,true
https://tooladda.online/css-tools/scroll-animation-keyframe-builder/,https://tooladda.online/css-tools/scroll-animation-keyframe-builder.html,301,true
https://tooladda.online/css-tools/shadow-generator,https://tooladda.online/css-tools/shadow-generator.html,301,true
https://tooladda.online/css-tools/shadow-generator/,https://tooladda.online/css-tools/shadow-generator.html,301,true
https://tooladda.online/csv-to-interactive-chart,https://tooladda.online/csv-to-interactive-chart.html,301,true
https://tooladda.online/csv-to-interactive-chart/,https://tooladda.online/csv-to-interactive-chart.html,301,true
https://tooladda.online/csv-to-json-converter,https://tooladda.online/csv-to-json-converter.html,301,true
https://tooladda.online/csv-to-json-converter/,https://tooladda.online/csv-to-json-converter.html,301,true
https://tooladda.online/custom-qr-code-maker,https://tooladda.online/custom-qr-code-maker.html,301,true
https://tooladda.online/custom-qr-code-maker/,https://tooladda.online/custom-qr-code-maker.html,301,true
https://tooladda.online/developer-tools/htaccess-generator,https://tooladda.online/developer-tools/htaccess-generator.html,301,true
https://tooladda.online/developer-tools/htaccess-generator/,https://tooladda.online/developer-tools/htaccess-generator.html,301,true
https://tooladda.online/developer-tools/json-formatter,https://tooladda.online/developer-tools/json-formatter.html,301,true
https://tooladda.online/developer-tools/json-formatter/,https://tooladda.online/developer-tools/json-formatter.html,301,true
https://tooladda.online/developer-tools/json-to-typescript,https://tooladda.online/developer-tools/json-to-typescript.html,301,true
https://tooladda.online/developer-tools/json-to-typescript/,https://tooladda.online/developer-tools/json-to-typescript.html,301,true
https://tooladda.online/developer-tools/json-to-yaml,https://tooladda.online/developer-tools/json-to-yaml.html,301,true
https://tooladda.online/developer-tools/json-to-yaml/,https://tooladda.online/developer-tools/json-to-yaml.html,301,true
https://tooladda.online/developer-tools/markdown-live-previewer,https://tooladda.online/developer-tools/markdown-live-previewer.html,301,true
https://tooladda.online/developer-tools/markdown-live-previewer/,https://tooladda.online/developer-tools/markdown-live-previewer.html,301,true
https://tooladda.online/developer-tools/markdown-to-notion,https://tooladda.online/developer-tools/markdown-to-notion.html,301,true
https://tooladda.online/developer-tools/markdown-to-notion/,https://tooladda.online/developer-tools/markdown-to-notion.html,301,true
https://tooladda.online/developer-tools/ssh-key-generator,https://tooladda.online/developer-tools/ssh-key-generator.html,301,true
https://tooladda.online/developer-tools/ssh-key-generator/,https://tooladda.online/developer-tools/ssh-key-generator.html,301,true
https://tooladda.online/developer-tools/yaml-to-xml,https://tooladda.online/developer-tools/yaml-to-xml.html,301,true
https://tooladda.online/developer-tools/yaml-to-xml/,https://tooladda.online/developer-tools/yaml-to-xml.html,301,true
https://tooladda.online/dns-lookup,https://tooladda.online/dns-lookup.html,301,true
https://tooladda.online/dns-lookup/,https://tooladda.online/dns-lookup.html,301,true
https://tooladda.online/dns-propagation-checker,https://tooladda.online/dns-propagation-checker.html,301,true
https://tooladda.online/dns-propagation-checker/,https://tooladda.online/dns-propagation-checker.html,301,true
https://tooladda.online/emoji-kaomoji-picker,https://tooladda.online/emoji-kaomoji-picker.html,301,true
https://tooladda.online/emoji-kaomoji-picker/,https://tooladda.online/emoji-kaomoji-picker.html,301,true
https://tooladda.online/epoch-converter,https://tooladda.online/epoch-converter.html,301,true
https://tooladda.online/epoch-converter/,https://tooladda.online/epoch-converter.html,301,true
https://tooladda.online/exif-metadata-remover,https://tooladda.online/exif-metadata-remover.html,301,true
https://tooladda.online/exif-metadata-remover/,https://tooladda.online/exif-metadata-remover.html,301,true
https://tooladda.online/favicon-generator,https://tooladda.online/favicon-generator.html,301,true
https://tooladda.online/favicon-generator/,https://tooladda.online/favicon-generator.html,301,true
https://tooladda.online/flatten-pdf,https://tooladda.online/flatten-pdf.html,301,true
https://tooladda.online/flatten-pdf/,https://tooladda.online/flatten-pdf.html,301,true
https://tooladda.online/game-2048,https://tooladda.online/game-2048.html,301,true
https://tooladda.online/game-2048/,https://tooladda.online/game-2048.html,301,true
https://tooladda.online/hash-generator,https://tooladda.online/hash-generator.html,301,true
https://tooladda.online/hash-generator/,https://tooladda.online/hash-generator.html,301,true
https://tooladda.online/heic-converter,https://tooladda.online/heic-converter.html,301,true
https://tooladda.online/heic-converter/,https://tooladda.online/heic-converter.html,301,true
https://tooladda.online/html-to-pdf,https://tooladda.online/html-to-pdf.html,301,true
https://tooladda.online/html-to-pdf/,https://tooladda.online/html-to-pdf.html,301,true
https://tooladda.online/image-background-remover,https://tooladda.online/image-background-remover.html,301,true
https://tooladda.online/image-background-remover/,https://tooladda.online/image-background-remover.html,301,true
https://tooladda.online/image-blur,https://tooladda.online/image-blur.html,301,true
https://tooladda.online/image-blur/,https://tooladda.online/image-blur.html,301,true
https://tooladda.online/image-color-picker,https://tooladda.online/image-color-picker.html,301,true
https://tooladda.online/image-color-picker/,https://tooladda.online/image-color-picker.html,301,true
https://tooladda.online/image-compress-to-kb,https://tooladda.online/image-compress-to-kb.html,301,true
https://tooladda.online/image-compress-to-kb/,https://tooladda.online/image-compress-to-kb.html,301,true
https://tooladda.online/image-compressor,https://tooladda.online/image-compressor.html,301,true
https://tooladda.online/image-compressor/,https://tooladda.online/image-compressor.html,301,true
https://tooladda.online/image-crop,https://tooladda.online/image-crop.html,301,true
https://tooladda.online/image-crop/,https://tooladda.online/image-crop.html,301,true
https://tooladda.online/image-grayscale,https://tooladda.online/image-grayscale.html,301,true
https://tooladda.online/image-grayscale/,https://tooladda.online/image-grayscale.html,301,true
https://tooladda.online/image-resizer,https://tooladda.online/image-resizer.html,301,true
https://tooladda.online/image-resizer/,https://tooladda.online/image-resizer.html,301,true
https://tooladda.online/image-rotate,https://tooladda.online/image-rotate.html,301,true
https://tooladda.online/image-rotate/,https://tooladda.online/image-rotate.html,301,true
https://tooladda.online/image-steganography,https://tooladda.online/image-steganography.html,301,true
https://tooladda.online/image-steganography/,https://tooladda.online/image-steganography.html,301,true
https://tooladda.online/image-tools,https://tooladda.online/image-tools.html,301,true
https://tooladda.online/image-tools/,https://tooladda.online/image-tools.html,301,true
https://tooladda.online/images-to-pdf,https://tooladda.online/images-to-pdf.html,301,true
https://tooladda.online/images-to-pdf/,https://tooladda.online/images-to-pdf.html,301,true
https://tooladda.online/internet-speed-test,https://tooladda.online/internet-speed-test.html,301,true
https://tooladda.online/internet-speed-test/,https://tooladda.online/internet-speed-test.html,301,true
https://tooladda.online/invoice-generator,https://tooladda.online/invoice-generator.html,301,true
https://tooladda.online/invoice-generator/,https://tooladda.online/invoice-generator.html,301,true
https://tooladda.online/ip-subnet-calculator,https://tooladda.online/ip-subnet-calculator.html,301,true
https://tooladda.online/ip-subnet-calculator/,https://tooladda.online/ip-subnet-calculator.html,301,true
https://tooladda.online/jpg-to-png,https://tooladda.online/jpg-to-png.html,301,true
https://tooladda.online/jpg-to-png/,https://tooladda.online/jpg-to-png.html,301,true
https://tooladda.online/json-to-csv-converter,https://tooladda.online/json-to-csv-converter.html,301,true
https://tooladda.online/json-to-csv-converter/,https://tooladda.online/json-to-csv-converter.html,301,true
https://tooladda.online/json-to-xml-converter,https://tooladda.online/json-to-xml-converter.html,301,true
https://tooladda.online/json-to-xml-converter/,https://tooladda.online/json-to-xml-converter.html,301,true
https://tooladda.online/jwt-debugger,https://tooladda.online/jwt-debugger.html,301,true
https://tooladda.online/jwt-debugger/,https://tooladda.online/jwt-debugger.html,301,true
https://tooladda.online/jwt-encoder,https://tooladda.online/jwt-encoder.html,301,true
https://tooladda.online/jwt-encoder/,https://tooladda.online/jwt-encoder.html,301,true
https://tooladda.online/ludo-game,https://tooladda.online/ludo-game.html,301,true
https://tooladda.online/ludo-game/,https://tooladda.online/ludo-game.html,301,true
https://tooladda.online/markdown-to-html,https://tooladda.online/markdown-to-html.html,301,true
https://tooladda.online/markdown-to-html/,https://tooladda.online/markdown-to-html.html,301,true
https://tooladda.online/minesweeper,https://tooladda.online/minesweeper.html,301,true
https://tooladda.online/minesweeper/,https://tooladda.online/minesweeper.html,301,true
https://tooladda.online/omr-sheet-generator,https://tooladda.online/omr-sheet-generator.html,301,true
https://tooladda.online/omr-sheet-generator/,https://tooladda.online/omr-sheet-generator.html,301,true
https://tooladda.online/online-notepad,https://tooladda.online/online-notepad.html,301,true
https://tooladda.online/online-notepad/,https://tooladda.online/online-notepad.html,301,true
https://tooladda.online/online-teleprompter,https://tooladda.online/online-teleprompter.html,301,true
https://tooladda.online/online-teleprompter/,https://tooladda.online/online-teleprompter.html,301,true
https://tooladda.online/paper-generator,https://tooladda.online/paper-generator.html,301,true
https://tooladda.online/paper-generator/,https://tooladda.online/paper-generator.html,301,true
https://tooladda.online/passport-photo-maker,https://tooladda.online/passport-photo-maker.html,301,true
https://tooladda.online/passport-photo-maker/,https://tooladda.online/passport-photo-maker.html,301,true
https://tooladda.online/password-generator,https://tooladda.online/password-generator.html,301,true
https://tooladda.online/password-generator/,https://tooladda.online/password-generator.html,301,true
https://tooladda.online/password-strength-checker,https://tooladda.online/password-strength-checker.html,301,true
https://tooladda.online/password-strength-checker/,https://tooladda.online/password-strength-checker.html,301,true
https://tooladda.online/pdf-compress,https://tooladda.online/pdf-compress.html,301,true
https://tooladda.online/pdf-compress/,https://tooladda.online/pdf-compress.html,301,true
https://tooladda.online/pdf-extract,https://tooladda.online/pdf-extract.html,301,true
https://tooladda.online/pdf-extract/,https://tooladda.online/pdf-extract.html,301,true
https://tooladda.online/pdf-merge,https://tooladda.online/pdf-merge.html,301,true
https://tooladda.online/pdf-merge/,https://tooladda.online/pdf-merge.html,301,true
https://tooladda.online/pdf-password-protector,https://tooladda.online/pdf-password-protector.html,301,true
https://tooladda.online/pdf-password-protector/,https://tooladda.online/pdf-password-protector.html,301,true
https://tooladda.online/pdf-password-remover,https://tooladda.online/pdf-password-remover.html,301,true
https://tooladda.online/pdf-password-remover/,https://tooladda.online/pdf-password-remover.html,301,true
https://tooladda.online/pdf-rotate,https://tooladda.online/pdf-rotate.html,301,true
https://tooladda.online/pdf-rotate/,https://tooladda.online/pdf-rotate.html,301,true
https://tooladda.online/pdf-split,https://tooladda.online/pdf-split.html,301,true
https://tooladda.online/pdf-split/,https://tooladda.online/pdf-split.html,301,true
https://tooladda.online/pdf-to-images,https://tooladda.online/pdf-to-images.html,301,true
https://tooladda.online/pdf-to-images/,https://tooladda.online/pdf-to-images.html,301,true
https://tooladda.online/pdf-tools,https://tooladda.online/pdf-tools.html,301,true
https://tooladda.online/pdf-tools/,https://tooladda.online/pdf-tools.html,301,true
https://tooladda.online/pdf-watermark,https://tooladda.online/pdf-watermark.html,301,true
https://tooladda.online/pdf-watermark/,https://tooladda.online/pdf-watermark.html,301,true
https://tooladda.online/pem-to-ppk,https://tooladda.online/pem-to-ppk.html,301,true
https://tooladda.online/pem-to-ppk/,https://tooladda.online/pem-to-ppk.html,301,true
https://tooladda.online/png-to-webp,https://tooladda.online/png-to-webp.html,301,true
https://tooladda.online/png-to-webp/,https://tooladda.online/png-to-webp.html,301,true
https://tooladda.online/poster-printer,https://tooladda.online/poster-printer.html,301,true
https://tooladda.online/poster-printer/,https://tooladda.online/poster-printer.html,301,true
https://tooladda.online/ppk-to-pem,https://tooladda.online/ppk-to-pem.html,301,true
https://tooladda.online/ppk-to-pem/,https://tooladda.online/ppk-to-pem.html,301,true
https://tooladda.online/privacy-policy,https://tooladda.online/privacy-policy.html,301,true
https://tooladda.online/privacy-policy/,https://tooladda.online/privacy-policy.html,301,true
https://tooladda.online/qr-code-generator,https://tooladda.online/qr-code-generator.html,301,true
https://tooladda.online/qr-code-generator/,https://tooladda.online/qr-code-generator.html,301,true
https://tooladda.online/qr-code-scanner,https://tooladda.online/qr-code-scanner.html,301,true
https://tooladda.online/qr-code-scanner/,https://tooladda.online/qr-code-scanner.html,301,true
https://tooladda.online/random-name-picker,https://tooladda.online/random-name-picker.html,301,true
https://tooladda.online/random-name-picker/,https://tooladda.online/random-name-picker.html,301,true
https://tooladda.online/redact-pdf,https://tooladda.online/redact-pdf.html,301,true
https://tooladda.online/redact-pdf/,https://tooladda.online/redact-pdf.html,301,true
https://tooladda.online/regex-tester,https://tooladda.online/regex-tester.html,301,true
https://tooladda.online/regex-tester/,https://tooladda.online/regex-tester.html,301,true
https://tooladda.online/rent-receipt-generator,https://tooladda.online/rent-receipt-generator.html,301,true
https://tooladda.online/rent-receipt-generator/,https://tooladda.online/rent-receipt-generator.html,301,true
https://tooladda.online/resume-builder,https://tooladda.online/resume-builder.html,301,true
https://tooladda.online/resume-builder/,https://tooladda.online/resume-builder.html,301,true
https://tooladda.online/robots-txt-generator,https://tooladda.online/robots-txt-generator.html,301,true
https://tooladda.online/robots-txt-generator/,https://tooladda.online/robots-txt-generator.html,301,true
https://tooladda.online/salary-slip-generator,https://tooladda.online/salary-slip-generator.html,301,true
https://tooladda.online/salary-slip-generator/,https://tooladda.online/salary-slip-generator.html,301,true
https://tooladda.online/scientific-calculator,https://tooladda.online/scientific-calculator.html,301,true
https://tooladda.online/scientific-calculator/,https://tooladda.online/scientific-calculator.html,301,true
https://tooladda.online/screen-ruler,https://tooladda.online/screen-ruler.html,301,true
https://tooladda.online/screen-ruler/,https://tooladda.online/screen-ruler.html,301,true
https://tooladda.online/signature-resizer,https://tooladda.online/signature-resizer.html,301,true
https://tooladda.online/signature-resizer/,https://tooladda.online/signature-resizer.html,301,true
https://tooladda.online/sitemap-generator,https://tooladda.online/sitemap-generator.html,301,true
https://tooladda.online/sitemap-generator/,https://tooladda.online/sitemap-generator.html,301,true
https://tooladda.online/snake-game,https://tooladda.online/snake-game.html,301,true
https://tooladda.online/snake-game/,https://tooladda.online/snake-game.html,301,true
https://tooladda.online/ssl-checker,https://tooladda.online/ssl-checker.html,301,true
https://tooladda.online/ssl-checker/,https://tooladda.online/ssl-checker.html,301,true
https://tooladda.online/sudoku-game,https://tooladda.online/sudoku-game.html,301,true
https://tooladda.online/sudoku-game/,https://tooladda.online/sudoku-game.html,301,true
https://tooladda.online/svg-optimizer,https://tooladda.online/svg-optimizer.html,301,true
https://tooladda.online/svg-optimizer/,https://tooladda.online/svg-optimizer.html,301,true
https://tooladda.online/svg-to-png-converter,https://tooladda.online/svg-to-png-converter.html,301,true
https://tooladda.online/svg-to-png-converter/,https://tooladda.online/svg-to-png-converter.html,301,true
https://tooladda.online/terms,https://tooladda.online/terms.html,301,true
https://tooladda.online/terms/,https://tooladda.online/terms.html,301,true
https://tooladda.online/text-to-handwriting,https://tooladda.online/text-to-handwriting.html,301,true
https://tooladda.online/text-to-handwriting/,https://tooladda.online/text-to-handwriting.html,301,true
https://tooladda.online/text-tools/base64-encoder-decoder,https://tooladda.online/text-tools/base64-encoder-decoder.html,301,true
https://tooladda.online/text-tools/base64-encoder-decoder/,https://tooladda.online/text-tools/base64-encoder-decoder.html,301,true
https://tooladda.online/text-tools/case-converter,https://tooladda.online/text-tools/case-converter.html,301,true
https://tooladda.online/text-tools/case-converter/,https://tooladda.online/text-tools/case-converter.html,301,true
https://tooladda.online/text-tools/character-counter,https://tooladda.online/text-tools/character-counter.html,301,true
https://tooladda.online/text-tools/character-counter/,https://tooladda.online/text-tools/character-counter.html,301,true
https://tooladda.online/text-tools/fancy-font-generator,https://tooladda.online/text-tools/fancy-font-generator.html,301,true
https://tooladda.online/text-tools/fancy-font-generator/,https://tooladda.online/text-tools/fancy-font-generator.html,301,true
https://tooladda.online/text-tools/linkedin-post-previewer,https://tooladda.online/text-tools/linkedin-post-previewer.html,301,true
https://tooladda.online/text-tools/linkedin-post-previewer/,https://tooladda.online/text-tools/linkedin-post-previewer.html,301,true
https://tooladda.online/text-tools/text-sorter,https://tooladda.online/text-tools/text-sorter.html,301,true
https://tooladda.online/text-tools/text-sorter/,https://tooladda.online/text-tools/text-sorter.html,301,true
https://tooladda.online/tic-tac-toe,https://tooladda.online/tic-tac-toe.html,301,true
https://tooladda.online/tic-tac-toe/,https://tooladda.online/tic-tac-toe.html,301,true
https://tooladda.online/typing-speed-test,https://tooladda.online/typing-speed-test.html,301,true
https://tooladda.online/typing-speed-test/,https://tooladda.online/typing-speed-test.html,301,true
https://tooladda.online/unit-converter,https://tooladda.online/unit-converter.html,301,true
https://tooladda.online/unit-converter/,https://tooladda.online/unit-converter.html,301,true
https://tooladda.online/url-encoder-decoder,https://tooladda.online/url-encoder-decoder.html,301,true
https://tooladda.online/url-encoder-decoder/,https://tooladda.online/url-encoder-decoder.html,301,true
https://tooladda.online/url-shortener,https://tooladda.online/url-shortener.html,301,true
https://tooladda.online/url-shortener/,https://tooladda.online/url-shortener.html,301,true
https://tooladda.online/utm-builder,https://tooladda.online/utm-builder.html,301,true
https://tooladda.online/utm-builder/,https://tooladda.online/utm-builder.html,301,true
https://tooladda.online/uuid-generator,https://tooladda.online/uuid-generator.html,301,true
https://tooladda.online/uuid-generator/,https://tooladda.online/uuid-generator.html,301,true
https://tooladda.online/website-seo-checker,https://tooladda.online/website-seo-checker.html,301,true
https://tooladda.online/website-seo-checker/,https://tooladda.online/website-seo-checker.html,301,true
https://tooladda.online/whatsapp-chat-analyzer,https://tooladda.online/whatsapp-chat-analyzer.html,301,true
https://tooladda.online/whatsapp-chat-analyzer/,https://tooladda.online/whatsapp-chat-analyzer.html,301,true
https://tooladda.online/worksheet-generator,https://tooladda.online/worksheet-generator.html,301,true
https://tooladda.online/worksheet-generator/,https://tooladda.online/worksheet-generator.html,301,true
https://tooladda.online/xml-to-json-converter,https://tooladda.online/xml-to-json-converter.html,301,true
https://tooladda.online/xml-to-json-converter/,https://tooladda.online/xml-to-json-converter.html,301,true
